,violation_id,violation_name,Place,Region,StoreID,Camid,timestamp,total_violations
0,1,Missing harinet,Middle East,Qatar,2,224,2020-11-13 15:58:20,0
1,1,Missing harinet,Middle East,Qatar,2,224,2020-11-13 15:58:20,0
2,1,Missing harinet,Middle East,Qatar,2,224,2020-11-13 15:58:20,1
3,1,Missing harinet,Middle East,Qatar,2,224,2020-11-13 15:58:20,1
4,1,Missing harinet,Middle East,Qatar,2,224,2020-11-13 15:58:20,1
5,1,Missing harinet,Middle East,Qatar,2,224,2020-11-13 15:58:20,1
6,1,Missing harinet,Middle East,Qatar,2,224,2020-11-13 15:58:20,1
7,1,Missing harinet,Middle East,Qatar,2,224,2020-11-13 15:58:20,1
8,1,Missing harinet,Middle East,Qatar,2,224,2020-11-13 15:58:20,1
9,1,Missing harinet,Middle East,Qatar,2,224,2020-11-13 15:58:20,1
10,1,Missing harinet,Middle East,Qatar,2,224,2020-11-13 15:58:20,2
11,1,Missing harinet,Middle East,Qatar,2,224,2020-11-13 15:58:20,1
12,1,Missing harinet,Middle East,Qatar,2,224,2020-11-13 15:58:20,1
13,1,Missing harinet,Middle East,Qatar,2,224,2020-11-13 15:58:20,1
14,1,Missing harinet,Middle East,Qatar,2,224,2020-11-13 15:58:20,1
15,1,Missing harinet,Middle East,Qatar,2,224,2020-11-13 15:58:20,1
16,1,Missing harinet,Middle East,Qatar,2,224,2020-11-13 15:58:20,0
17,1,Missing harinet,Middle East,Qatar,2,224,2020-11-13 15:58:20,0
18,1,Missing harinet,Middle East,Qatar,2,224,2020-11-13 15:58:20,0
19,1,Missing harinet,Middle East,Qatar,2,224,2020-11-13 15:58:20,0
20,1,Missing harinet,Middle East,Qatar,2,224,2020-11-13 15:58:20,0
21,1,Missing harinet,Middle East,Qatar,2,224,2020-11-13 15:58:20,0
22,1,Missing harinet,Middle East,Qatar,2,224,2020-11-13 15:58:20,0
23,1,Missing harinet,Middle East,Qatar,2,224,2020-11-13 15:58:20,0
24,1,Missing harinet,Middle East,Qatar,2,224,2020-11-13 15:58:20,0
25,1,Missing harinet,Middle East,Qatar,2,224,2020-11-13 15:58:20,0
26,1,Missing harinet,Middle East,Qatar,2,224,2020-11-13 15:58:20,0
27,1,Missing harinet,Middle East,Qatar,2,224,2020-11-13 15:58:20,0
28,1,Missing harinet,Middle East,Qatar,2,224,2020-11-13 15:58:20,0
29,1,Missing harinet,Middle East,Qatar,2,224,2020-11-13 15:58:20,0
30,1,Missing harinet,Middle East,Qatar,2,224,2020-11-13 15:58:20,0
31,1,Missing harinet,Middle East,Qatar,2,224,2020-11-13 15:58:20,0
32,1,Missing harinet,Middle East,Qatar,2,224,2020-11-13 15:58:20,0
33,1,Missing harinet,Middle East,Qatar,2,224,2020-11-13 15:58:20,0
34,1,Missing harinet,Middle East,Qatar,2,224,2020-11-13 15:58:20,0
35,1,Missing harinet,Middle East,Qatar,2,224,2020-11-13 15:58:20,0
36,1,Missing harinet,Middle East,Qatar,2,224,2020-11-13 15:58:20,0
37,1,Missing harinet,Middle East,Qatar,2,224,2020-11-13 15:58:20,0
38,1,Missing harinet,Middle East,Qatar,2,224,2020-11-13 15:58:20,0
39,1,Missing harinet,Middle East,Qatar,2,224,2020-11-13 15:58:20,0
40,1,Missing harinet,Middle East,Qatar,2,224,2020-11-13 15:58:20,0
41,1,Missing harinet,Middle East,Qatar,2,224,2020-11-13 15:58:20,0
42,1,Missing harinet,Middle East,Qatar,2,224,2020-11-13 15:58:20,0
43,1,Missing harinet,Middle East,Qatar,2,224,2020-11-13 15:58:20,0
44,1,Missing harinet,Middle East,Qatar,2,224,2020-11-13 15:58:20,0
45,1,Missing harinet,Middle East,Qatar,2,224,2020-11-13 15:58:20,0
46,1,Missing harinet,Middle East,Qatar,2,224,2020-11-13 15:58:20,0
47,1,Missing harinet,Middle East,Qatar,2,224,2020-11-13 15:58:20,0
48,1,Missing harinet,Middle East,Qatar,2,224,2020-11-13 15:58:20,1
49,1,Missing harinet,Middle East,Qatar,2,224,2020-11-13 15:58:20,1
50,1,Missing harinet,Middle East,Qatar,2,224,2020-11-13 15:58:20,0
51,1,Missing harinet,Middle East,Qatar,2,224,2020-11-13 15:58:20,1
52,1,Missing harinet,Middle East,Qatar,2,224,2020-11-13 15:58:20,0
53,1,Missing harinet,Middle East,Qatar,2,224,2020-11-13 15:58:20,0
54,1,Missing harinet,Middle East,Qatar,2,224,2020-11-13 15:58:20,0
55,1,Missing harinet,Middle East,Qatar,2,224,2020-11-13 15:58:20,0
56,1,Missing harinet,Middle East,Qatar,2,224,2020-11-13 15:58:20,0
57,1,Missing harinet,Middle East,Qatar,2,224,2020-11-13 15:58:20,0
58,1,Missing harinet,Middle East,Qatar,2,224,2020-11-13 15:58:20,1
59,1,Missing harinet,Middle East,Qatar,2,224,2020-11-13 15:58:20,1
60,1,Missing harinet,Middle East,Qatar,2,224,2020-11-13 15:58:20,1
61,1,Missing harinet,Middle East,Qatar,2,224,2020-11-13 15:58:20,1
62,1,Missing harinet,Middle East,Qatar,2,224,2020-11-13 15:58:20,1
63,1,Missing harinet,Middle East,Qatar,2,224,2020-11-13 15:58:20,1
64,1,Missing harinet,Middle East,Qatar,2,224,2020-11-13 15:58:20,1
65,1,Missing harinet,Middle East,Qatar,2,224,2020-11-13 15:58:20,0
66,1,Missing harinet,Middle East,Qatar,2,224,2020-11-13 15:58:20,1
67,1,Missing harinet,Middle East,Qatar,2,224,2020-11-13 15:58:20,2
68,1,Missing harinet,Middle East,Qatar,2,224,2020-11-13 15:58:20,1
69,1,Missing harinet,Middle East,Qatar,2,224,2020-11-13 15:58:20,1
70,1,Missing harinet,Middle East,Qatar,2,224,2020-11-13 15:58:20,1
71,1,Missing harinet,Middle East,Qatar,2,224,2020-11-13 15:58:20,1
72,1,Missing harinet,Middle East,Qatar,2,224,2020-11-13 15:58:20,2
73,1,Missing harinet,Middle East,Qatar,2,224,2020-11-13 15:58:20,1
74,1,Missing harinet,Middle East,Qatar,2,224,2020-11-13 15:58:20,1
75,1,Missing harinet,Middle East,Qatar,2,224,2020-11-13 15:58:20,1
76,1,Missing harinet,Middle East,Qatar,2,224,2020-11-13 15:58:20,2
77,1,Missing harinet,Middle East,Qatar,2,224,2020-11-13 15:58:20,2
78,1,Missing harinet,Middle East,Qatar,2,224,2020-11-13 15:58:20,1
79,1,Missing harinet,Middle East,Qatar,2,224,2020-11-13 15:58:20,1
80,1,Missing harinet,Middle East,Qatar,2,224,2020-11-13 15:58:20,1
81,1,Missing harinet,Middle East,Qatar,2,224,2020-11-13 15:58:20,2
82,1,Missing harinet,Middle East,Qatar,2,224,2020-11-13 15:58:20,3
83,1,Missing harinet,Middle East,Qatar,2,224,2020-11-13 15:58:20,3
84,1,Missing harinet,Middle East,Qatar,2,224,2020-11-13 15:58:20,4
85,1,Missing harinet,Middle East,Qatar,2,224,2020-11-13 15:58:20,3
86,1,Missing harinet,Middle East,Qatar,2,224,2020-11-13 15:58:20,4
87,1,Missing harinet,Middle East,Qatar,2,224,2020-11-13 15:58:20,4
88,1,Missing harinet,Middle East,Qatar,2,224,2020-11-13 15:58:20,3
89,1,Missing harinet,Middle East,Qatar,2,224,2020-11-13 15:58:20,3
90,1,Missing harinet,Middle East,Qatar,2,224,2020-11-13 15:58:20,4
91,1,Missing harinet,Middle East,Qatar,2,224,2020-11-13 15:58:20,2
92,1,Missing harinet,Middle East,Qatar,2,224,2020-11-13 15:58:20,2
93,1,Missing harinet,Middle East,Qatar,2,224,2020-11-13 15:58:20,2
94,1,Missing harinet,Middle East,Qatar,2,224,2020-11-13 15:58:20,2
95,1,Missing harinet,Middle East,Qatar,2,224,2020-11-13 15:58:20,2
96,1,Missing harinet,Middle East,Qatar,2,224,2020-11-13 15:58:20,3
97,1,Missing harinet,Middle East,Qatar,2,224,2020-11-13 15:58:20,3
98,1,Missing harinet,Middle East,Qatar,2,224,2020-11-13 15:58:20,3
99,1,Missing harinet,Middle East,Qatar,2,224,2020-11-13 15:58:20,2
100,1,Missing harinet,Middle East,Qatar,2,224,2020-11-13 15:58:20,2
101,1,Missing harinet,Middle East,Qatar,2,224,2020-11-13 15:58:20,2
102,1,Missing harinet,Middle East,Qatar,2,224,2020-11-13 15:58:20,2
103,1,Missing harinet,Middle East,Qatar,2,224,2020-11-13 15:58:20,2
104,1,Missing harinet,Middle East,Qatar,2,224,2020-11-13 15:58:20,1
105,1,Missing harinet,Middle East,Qatar,2,224,2020-11-13 15:58:20,1
106,1,Missing harinet,Middle East,Qatar,2,224,2020-11-13 15:58:20,1
107,1,Missing harinet,Middle East,Qatar,2,224,2020-11-13 15:58:20,1
108,1,Missing harinet,Middle East,Qatar,2,224,2020-11-13 15:58:20,1
109,1,Missing harinet,Middle East,Qatar,2,224,2020-11-13 15:58:20,1
110,1,Missing harinet,Middle East,Qatar,2,224,2020-11-13 15:58:20,1
111,1,Missing harinet,Middle East,Qatar,2,224,2020-11-13 15:58:20,1
112,1,Missing harinet,Middle East,Qatar,2,224,2020-11-13 15:58:20,1
113,1,Missing harinet,Middle East,Qatar,2,224,2020-11-13 15:58:20,1
114,1,Missing harinet,Middle East,Qatar,2,224,2020-11-13 15:58:20,1
115,1,Missing harinet,Middle East,Qatar,2,224,2020-11-13 15:58:20,1
116,1,Missing harinet,Middle East,Qatar,2,224,2020-11-13 15:58:20,1
117,1,Missing harinet,Middle East,Qatar,2,224,2020-11-13 15:58:20,1
118,1,Missing harinet,Middle East,Qatar,2,224,2020-11-13 15:58:20,1
119,1,Missing harinet,Middle East,Qatar,2,224,2020-11-13 15:58:20,1
120,1,Missing harinet,Middle East,Qatar,2,224,2020-11-13 15:58:20,1
121,1,Missing harinet,Middle East,Qatar,2,224,2020-11-13 15:58:20,1
122,1,Missing harinet,Middle East,Qatar,2,224,2020-11-13 15:58:20,1
123,1,Missing harinet,Middle East,Qatar,2,224,2020-11-13 15:58:20,1
124,1,Missing harinet,Middle East,Qatar,2,224,2020-11-13 15:58:20,1
125,1,Missing harinet,Middle East,Qatar,2,224,2020-11-13 15:58:20,1
126,1,Missing harinet,Middle East,Qatar,2,224,2020-11-13 15:58:20,1
127,1,Missing harinet,Middle East,Qatar,2,224,2020-11-13 15:58:20,1
128,1,Missing harinet,Middle East,Qatar,2,224,2020-11-13 15:58:20,1
129,1,Missing harinet,Middle East,Qatar,2,224,2020-11-13 15:58:20,1
130,1,Missing harinet,Middle East,Qatar,2,224,2020-11-13 15:58:20,1
131,1,Missing harinet,Middle East,Qatar,2,224,2020-11-13 15:58:20,1
132,1,Missing harinet,Middle East,Qatar,2,224,2020-11-13 15:58:20,1
133,1,Missing harinet,Middle East,Qatar,2,224,2020-11-13 15:58:20,1
134,1,Missing harinet,Middle East,Qatar,2,224,2020-11-13 15:58:20,1
135,1,Missing harinet,Middle East,Qatar,2,224,2020-11-13 15:58:20,1
136,1,Missing harinet,Middle East,Qatar,2,224,2020-11-13 15:58:20,1
137,1,Missing harinet,Middle East,Qatar,2,224,2020-11-13 15:58:20,2
138,1,Missing harinet,Middle East,Qatar,2,224,2020-11-13 15:58:20,1
139,1,Missing harinet,Middle East,Qatar,2,224,2020-11-13 15:58:20,1
140,1,Missing harinet,Middle East,Qatar,2,224,2020-11-13 15:58:20,1
141,1,Missing harinet,Middle East,Qatar,2,224,2020-11-13 15:58:20,1
142,1,Missing harinet,Middle East,Qatar,2,224,2020-11-13 15:58:20,1
143,1,Missing harinet,Middle East,Qatar,2,224,2020-11-13 15:58:20,1
144,1,Missing harinet,Middle East,Qatar,2,224,2020-11-13 15:58:20,1
145,1,Missing harinet,Middle East,Qatar,2,224,2020-11-13 15:58:20,1
146,1,Missing harinet,Middle East,Qatar,2,224,2020-11-13 15:58:20,1
147,1,Missing harinet,Middle East,Qatar,2,224,2020-11-13 15:58:20,0
148,1,Missing harinet,Middle East,Qatar,2,224,2020-11-13 15:58:20,0
149,1,Missing harinet,Middle East,Qatar,2,224,2020-11-13 15:58:20,0
150,1,Missing harinet,Middle East,Qatar,2,224,2020-11-13 15:58:20,0
151,1,Missing harinet,Middle East,Qatar,2,224,2020-11-13 15:58:20,0
152,1,Missing harinet,Middle East,Qatar,2,224,2020-11-13 15:58:20,1
153,1,Missing harinet,Middle East,Qatar,2,224,2020-11-13 15:58:20,1
154,1,Missing harinet,Middle East,Qatar,2,224,2020-11-13 15:58:20,1
155,1,Missing harinet,Middle East,Qatar,2,224,2020-11-13 15:58:20,1
156,1,Missing harinet,Middle East,Qatar,2,224,2020-11-13 15:58:20,1
157,1,Missing harinet,Middle East,Qatar,2,224,2020-11-13 15:58:20,0
158,1,Missing harinet,Middle East,Qatar,2,224,2020-11-13 15:58:20,0
159,1,Missing harinet,Middle East,Qatar,2,224,2020-11-13 15:58:20,0
160,1,Missing harinet,Middle East,Qatar,2,224,2020-11-13 15:58:20,0
161,1,Missing harinet,Middle East,Qatar,2,224,2020-11-13 15:58:20,0
162,1,Missing harinet,Middle East,Qatar,2,224,2020-11-13 15:58:20,1
163,1,Missing harinet,Middle East,Qatar,2,224,2020-11-13 15:58:20,2
164,1,Missing harinet,Middle East,Qatar,2,224,2020-11-13 15:58:20,2
165,1,Missing harinet,Middle East,Qatar,2,224,2020-11-13 15:58:20,1
166,1,Missing harinet,Middle East,Qatar,2,224,2020-11-13 15:58:20,2
167,1,Missing harinet,Middle East,Qatar,2,224,2020-11-13 15:58:20,2
168,1,Missing harinet,Middle East,Qatar,2,224,2020-11-13 15:58:20,2
169,1,Missing harinet,Middle East,Qatar,2,224,2020-11-13 15:58:20,2
170,1,Missing harinet,Middle East,Qatar,2,224,2020-11-13 15:58:20,2
171,1,Missing harinet,Middle East,Qatar,2,224,2020-11-13 15:58:20,2
172,1,Missing harinet,Middle East,Qatar,2,224,2020-11-13 15:58:20,2
173,1,Missing harinet,Middle East,Qatar,2,224,2020-11-13 15:58:20,2
174,1,Missing harinet,Middle East,Qatar,2,224,2020-11-13 15:58:20,1
175,1,Missing harinet,Middle East,Qatar,2,224,2020-11-13 15:58:20,1
176,1,Missing harinet,Middle East,Qatar,2,224,2020-11-13 15:58:20,1
177,1,Missing harinet,Middle East,Qatar,2,224,2020-11-13 15:58:20,2
178,1,Missing harinet,Middle East,Qatar,2,224,2020-11-13 15:58:20,1
179,1,Missing harinet,Middle East,Qatar,2,224,2020-11-13 15:58:20,1
180,1,Missing harinet,Middle East,Qatar,2,224,2020-11-13 15:58:20,1
181,1,Missing harinet,Middle East,Qatar,2,224,2020-11-13 15:58:20,1
182,1,Missing harinet,Middle East,Qatar,2,224,2020-11-13 15:58:20,1
183,1,Missing harinet,Middle East,Qatar,2,224,2020-11-13 15:58:20,1
184,1,Missing harinet,Middle East,Qatar,2,224,2020-11-13 15:58:20,1
185,1,Missing harinet,Middle East,Qatar,2,224,2020-11-13 15:58:20,1
186,1,Missing harinet,Middle East,Qatar,2,224,2020-11-13 15:58:20,1
187,1,Missing harinet,Middle East,Qatar,2,224,2020-11-13 15:58:20,1
188,1,Missing harinet,Middle East,Qatar,2,224,2020-11-13 15:58:20,1
189,1,Missing harinet,Middle East,Qatar,2,224,2020-11-13 15:58:20,1
190,1,Missing harinet,Middle East,Qatar,2,224,2020-11-13 15:58:20,1
191,1,Missing harinet,Middle East,Qatar,2,224,2020-11-13 15:58:20,1
192,1,Missing harinet,Middle East,Qatar,2,224,2020-11-13 15:58:20,1
193,1,Missing harinet,Middle East,Qatar,2,224,2020-11-13 15:58:20,1
194,1,Missing harinet,Middle East,Qatar,2,224,2020-11-13 15:58:20,1
195,1,Missing harinet,Middle East,Qatar,2,224,2020-11-13 15:58:20,1
196,1,Missing harinet,Middle East,Qatar,2,224,2020-11-13 15:58:20,2
197,1,Missing harinet,Middle East,Qatar,2,224,2020-11-13 15:58:20,1
198,1,Missing harinet,Middle East,Qatar,2,224,2020-11-13 15:58:20,1
199,1,Missing harinet,Middle East,Qatar,2,224,2020-11-13 15:58:20,1
200,1,Missing harinet,Middle East,Qatar,2,224,2020-11-13 16:58:20,1
201,1,Missing harinet,Middle East,Qatar,2,224,2020-11-13 16:58:20,1
202,1,Missing harinet,Middle East,Qatar,2,224,2020-11-13 16:58:20,1
203,1,Missing harinet,Middle East,Qatar,2,224,2020-11-13 16:58:20,1
204,1,Missing harinet,Middle East,Qatar,2,224,2020-11-13 16:58:20,1
205,1,Missing harinet,Middle East,Qatar,2,224,2020-11-13 16:58:20,1
206,1,Missing harinet,Middle East,Qatar,2,224,2020-11-13 16:58:20,1
207,1,Missing harinet,Middle East,Qatar,2,224,2020-11-13 16:58:20,1
208,1,Missing harinet,Middle East,Qatar,2,224,2020-11-13 16:58:20,2
209,1,Missing harinet,Middle East,Qatar,2,224,2020-11-13 16:58:20,2
210,1,Missing harinet,Middle East,Qatar,2,224,2020-11-13 16:58:20,1
211,1,Missing harinet,Middle East,Qatar,2,224,2020-11-13 16:58:20,1
212,1,Missing harinet,Middle East,Qatar,2,224,2020-11-13 16:58:20,1
213,1,Missing harinet,Middle East,Qatar,2,224,2020-11-13 16:58:20,1
214,1,Missing harinet,Middle East,Qatar,2,224,2020-11-13 16:58:20,1
215,1,Missing harinet,Middle East,Qatar,2,224,2020-11-13 16:58:20,1
216,1,Missing harinet,Middle East,Qatar,2,224,2020-11-13 16:58:20,1
217,1,Missing harinet,Middle East,Qatar,2,224,2020-11-13 16:58:20,2
218,1,Missing harinet,Middle East,Qatar,2,224,2020-11-13 16:58:20,1
219,1,Missing harinet,Middle East,Qatar,2,224,2020-11-13 16:58:20,1
220,1,Missing harinet,Middle East,Qatar,2,224,2020-11-13 16:58:20,2
221,1,Missing harinet,Middle East,Qatar,2,224,2020-11-13 16:58:20,2
222,1,Missing harinet,Middle East,Qatar,2,224,2020-11-13 16:58:20,1
223,1,Missing harinet,Middle East,Qatar,2,224,2020-11-13 16:58:20,1
224,1,Missing harinet,Middle East,Qatar,2,224,2020-11-13 16:58:20,1
225,1,Missing harinet,Middle East,Qatar,2,224,2020-11-13 16:58:20,1
226,1,Missing harinet,Middle East,Qatar,2,224,2020-11-13 16:58:20,1
227,1,Missing harinet,Middle East,Qatar,2,224,2020-11-13 16:58:20,2
228,1,Missing harinet,Middle East,Qatar,2,224,2020-11-13 16:58:20,2
229,1,Missing harinet,Middle East,Qatar,2,224,2020-11-13 16:58:20,1
230,1,Missing harinet,Middle East,Qatar,2,224,2020-11-13 16:58:20,2
231,1,Missing harinet,Middle East,Qatar,2,224,2020-11-13 16:58:20,1
232,1,Missing harinet,Middle East,Qatar,2,224,2020-11-13 16:58:20,1
233,1,Missing harinet,Middle East,Qatar,2,224,2020-11-13 16:58:20,1
234,1,Missing harinet,Middle East,Qatar,2,224,2020-11-13 16:58:20,2
235,1,Missing harinet,Middle East,Qatar,2,224,2020-11-13 16:58:20,2
236,1,Missing harinet,Middle East,Qatar,2,224,2020-11-13 16:58:20,1
237,1,Missing harinet,Middle East,Qatar,2,224,2020-11-13 16:58:20,1
238,1,Missing harinet,Middle East,Qatar,2,224,2020-11-13 16:58:20,1
239,1,Missing harinet,Middle East,Qatar,2,224,2020-11-13 16:58:20,1
240,1,Missing harinet,Middle East,Qatar,2,224,2020-11-13 16:58:20,1
241,1,Missing harinet,Middle East,Qatar,2,224,2020-11-13 16:58:20,1
242,1,Missing harinet,Middle East,Qatar,2,224,2020-11-13 16:58:20,1
243,1,Missing harinet,Middle East,Qatar,2,224,2020-11-13 16:58:20,2
244,1,Missing harinet,Middle East,Qatar,2,224,2020-11-13 16:58:20,1
245,1,Missing harinet,Middle East,Qatar,2,224,2020-11-13 16:58:20,1
246,1,Missing harinet,Middle East,Qatar,2,224,2020-11-13 16:58:20,1
247,1,Missing harinet,Middle East,Qatar,2,224,2020-11-13 16:58:20,1
248,1,Missing harinet,Middle East,Qatar,2,224,2020-11-13 16:58:20,1
249,1,Missing harinet,Middle East,Qatar,2,224,2020-11-13 16:58:20,2
250,1,Missing harinet,Middle East,Qatar,2,224,2020-11-13 16:58:20,1
251,1,Missing harinet,Middle East,Qatar,2,224,2020-11-13 16:58:20,1
252,1,Missing harinet,Middle East,Qatar,2,224,2020-11-13 16:58:20,1
253,1,Missing harinet,Middle East,Qatar,2,224,2020-11-13 16:58:20,1
254,1,Missing harinet,Middle East,Qatar,2,224,2020-11-13 16:58:20,1
255,1,Missing harinet,Middle East,Qatar,2,224,2020-11-13 16:58:20,0
256,1,Missing harinet,Middle East,Qatar,2,224,2020-11-13 16:58:20,1
257,1,Missing harinet,Middle East,Qatar,2,224,2020-11-13 16:58:20,1
258,1,Missing harinet,Middle East,Qatar,2,224,2020-11-13 16:58:20,1
259,1,Missing harinet,Middle East,Qatar,2,224,2020-11-13 16:58:20,1
260,1,Missing harinet,Middle East,Qatar,2,224,2020-11-13 16:58:20,1
261,1,Missing harinet,Middle East,Qatar,2,224,2020-11-13 16:58:20,1
262,1,Missing harinet,Middle East,Qatar,2,224,2020-11-13 16:58:20,1
263,1,Missing harinet,Middle East,Qatar,2,224,2020-11-13 16:58:20,1
264,1,Missing harinet,Middle East,Qatar,2,224,2020-11-13 16:58:20,1
265,1,Missing harinet,Middle East,Qatar,2,224,2020-11-13 16:58:20,1
266,1,Missing harinet,Middle East,Qatar,2,224,2020-11-13 16:58:20,1
267,1,Missing harinet,Middle East,Qatar,2,224,2020-11-13 16:58:20,1
268,1,Missing harinet,Middle East,Qatar,2,224,2020-11-13 16:58:20,1
269,1,Missing harinet,Middle East,Qatar,2,224,2020-11-13 16:58:20,1
270,1,Missing harinet,Middle East,Qatar,2,224,2020-11-13 16:58:20,1
271,1,Missing harinet,Middle East,Qatar,2,224,2020-11-13 16:58:20,1
272,1,Missing harinet,Middle East,Qatar,2,224,2020-11-13 16:58:20,1
273,1,Missing harinet,Middle East,Qatar,2,224,2020-11-13 16:58:20,2
274,1,Missing harinet,Middle East,Qatar,2,224,2020-11-13 16:58:20,1
275,1,Missing harinet,Middle East,Qatar,2,224,2020-11-13 16:58:20,1
276,1,Missing harinet,Middle East,Qatar,2,224,2020-11-13 16:58:20,1
277,1,Missing harinet,Middle East,Qatar,2,224,2020-11-13 16:58:20,1
278,1,Missing harinet,Middle East,Qatar,2,224,2020-11-13 16:58:20,1
279,1,Missing harinet,Middle East,Qatar,2,224,2020-11-13 16:58:20,1
280,1,Missing harinet,Middle East,Qatar,2,224,2020-11-13 16:58:20,1
281,1,Missing harinet,Middle East,Qatar,2,224,2020-11-13 16:58:20,1
282,1,Missing harinet,Middle East,Qatar,2,224,2020-11-13 16:58:20,1
283,1,Missing harinet,Middle East,Qatar,2,224,2020-11-13 16:58:20,2
284,1,Missing harinet,Middle East,Qatar,2,224,2020-11-13 16:58:20,3
285,1,Missing harinet,Middle East,Qatar,2,224,2020-11-13 16:58:20,2
286,1,Missing harinet,Middle East,Qatar,2,224,2020-11-13 16:58:20,3
287,1,Missing harinet,Middle East,Qatar,2,224,2020-11-13 16:58:20,3
288,1,Missing harinet,Middle East,Qatar,2,224,2020-11-13 16:58:20,3
289,1,Missing harinet,Middle East,Qatar,2,224,2020-11-13 16:58:20,2
290,1,Missing harinet,Middle East,Qatar,2,224,2020-11-13 16:58:20,2
291,1,Missing harinet,Middle East,Qatar,2,224,2020-11-13 16:58:20,2
292,1,Missing harinet,Middle East,Qatar,2,224,2020-11-13 16:58:20,2
293,1,Missing harinet,Middle East,Qatar,2,224,2020-11-13 16:58:20,2
294,1,Missing harinet,Middle East,Qatar,2,224,2020-11-13 16:58:20,3
295,1,Missing harinet,Middle East,Qatar,2,224,2020-11-13 16:58:20,3
296,1,Missing harinet,Middle East,Qatar,2,224,2020-11-13 16:58:20,3
297,1,Missing harinet,Middle East,Qatar,2,224,2020-11-13 16:58:20,3
298,1,Missing harinet,Middle East,Qatar,2,224,2020-11-13 16:58:20,2
299,1,Missing harinet,Middle East,Qatar,2,224,2020-11-13 16:58:20,2
300,1,Missing harinet,Middle East,Qatar,2,224,2020-11-13 16:58:20,2
301,1,Missing harinet,Middle East,Qatar,2,224,2020-11-13 16:58:20,1
302,1,Missing harinet,Middle East,Qatar,2,224,2020-11-13 16:58:20,1
303,1,Missing harinet,Middle East,Qatar,2,224,2020-11-13 16:58:20,1
304,1,Missing harinet,Middle East,Qatar,2,224,2020-11-13 16:58:20,1
305,1,Missing harinet,Middle East,Qatar,2,224,2020-11-13 16:58:20,1
306,1,Missing harinet,Middle East,Qatar,2,224,2020-11-13 16:58:20,1
307,1,Missing harinet,Middle East,Qatar,2,224,2020-11-13 16:58:20,1
308,1,Missing harinet,Middle East,Qatar,2,224,2020-11-13 16:58:20,1
309,1,Missing harinet,Middle East,Qatar,2,224,2020-11-13 16:58:20,1
310,1,Missing harinet,Middle East,Qatar,2,224,2020-11-13 16:58:20,1
311,1,Missing harinet,Middle East,Qatar,2,224,2020-11-13 16:58:20,1
312,1,Missing harinet,Middle East,Qatar,2,224,2020-11-13 16:58:20,2
313,1,Missing harinet,Middle East,Qatar,2,224,2020-11-13 16:58:20,2
314,1,Missing harinet,Middle East,Qatar,2,224,2020-11-13 16:58:20,2
315,1,Missing harinet,Middle East,Qatar,2,224,2020-11-13 16:58:20,2
316,1,Missing harinet,Middle East,Qatar,2,224,2020-11-13 16:58:20,2
317,1,Missing harinet,Middle East,Qatar,2,224,2020-11-13 16:58:20,2
318,1,Missing harinet,Middle East,Qatar,2,224,2020-11-13 16:58:20,3
319,1,Missing harinet,Middle East,Qatar,2,224,2020-11-13 16:58:20,2
320,1,Missing harinet,Middle East,Qatar,2,224,2020-11-13 16:58:20,2
321,1,Missing harinet,Middle East,Qatar,2,224,2020-11-13 16:58:20,2
322,1,Missing harinet,Middle East,Qatar,2,224,2020-11-13 16:58:20,1
323,1,Missing harinet,Middle East,Qatar,2,224,2020-11-13 16:58:20,1
324,1,Missing harinet,Middle East,Qatar,2,224,2020-11-13 16:58:20,1
325,1,Missing harinet,Middle East,Qatar,2,224,2020-11-13 16:58:20,1
326,1,Missing harinet,Middle East,Qatar,2,224,2020-11-13 16:58:20,1
327,1,Missing harinet,Middle East,Qatar,2,224,2020-11-13 16:58:20,1
328,1,Missing harinet,Middle East,Qatar,2,224,2020-11-13 16:58:20,1
329,1,Missing harinet,Middle East,Qatar,2,224,2020-11-13 16:58:20,1
330,1,Missing harinet,Middle East,Qatar,2,224,2020-11-13 16:58:20,1
331,1,Missing harinet,Middle East,Qatar,2,224,2020-11-13 16:58:20,1
332,1,Missing harinet,Middle East,Qatar,2,224,2020-11-13 16:58:20,1
333,1,Missing harinet,Middle East,Qatar,2,224,2020-11-13 16:58:20,1
334,1,Missing harinet,Middle East,Qatar,2,224,2020-11-13 16:58:20,1
335,1,Missing harinet,Middle East,Qatar,2,224,2020-11-13 16:58:20,1
336,1,Missing harinet,Middle East,Qatar,2,224,2020-11-13 16:58:20,1
337,1,Missing harinet,Middle East,Qatar,2,224,2020-11-13 16:58:20,2
338,1,Missing harinet,Middle East,Qatar,2,224,2020-11-13 16:58:20,3
339,1,Missing harinet,Middle East,Qatar,2,224,2020-11-13 16:58:20,2
340,1,Missing harinet,Middle East,Qatar,2,224,2020-11-13 16:58:20,2
341,1,Missing harinet,Middle East,Qatar,2,224,2020-11-13 16:58:20,2
342,1,Missing harinet,Middle East,Qatar,2,224,2020-11-13 16:58:20,3
343,1,Missing harinet,Middle East,Qatar,2,224,2020-11-13 16:58:20,2
344,1,Missing harinet,Middle East,Qatar,2,224,2020-11-13 16:58:20,2
345,1,Missing harinet,Middle East,Qatar,2,224,2020-11-13 16:58:20,2
346,1,Missing harinet,Middle East,Qatar,2,224,2020-11-13 16:58:20,2
347,1,Missing harinet,Middle East,Qatar,2,224,2020-11-13 16:58:20,2
348,1,Missing harinet,Middle East,Qatar,2,224,2020-11-13 16:58:20,2
349,1,Missing harinet,Middle East,Qatar,2,224,2020-11-13 16:58:20,2
350,1,Missing harinet,Middle East,Qatar,2,224,2020-11-13 16:58:20,2
351,1,Missing harinet,Middle East,Qatar,2,224,2020-11-13 16:58:20,2
352,1,Missing harinet,Middle East,Qatar,2,224,2020-11-13 16:58:20,2
353,1,Missing harinet,Middle East,Qatar,2,224,2020-11-13 16:58:20,2
354,1,Missing harinet,Middle East,Qatar,2,224,2020-11-13 16:58:20,2
355,1,Missing harinet,Middle East,Qatar,2,224,2020-11-13 16:58:20,2
356,1,Missing harinet,Middle East,Qatar,2,224,2020-11-13 16:58:20,2
357,1,Missing harinet,Middle East,Qatar,2,224,2020-11-13 16:58:20,2
358,1,Missing harinet,Middle East,Qatar,2,224,2020-11-13 16:58:20,1
359,1,Missing harinet,Middle East,Qatar,2,224,2020-11-13 16:58:20,1
360,1,Missing harinet,Middle East,Qatar,2,224,2020-11-13 16:58:20,1
361,1,Missing harinet,Middle East,Qatar,2,224,2020-11-13 16:58:20,0
362,1,Missing harinet,Middle East,Qatar,2,224,2020-11-13 16:58:20,1
363,1,Missing harinet,Middle East,Qatar,2,224,2020-11-13 16:58:20,2
364,1,Missing harinet,Middle East,Qatar,2,224,2020-11-13 16:58:20,1
365,1,Missing harinet,Middle East,Qatar,2,224,2020-11-13 16:58:20,3
366,1,Missing harinet,Middle East,Qatar,2,224,2020-11-13 16:58:20,2
367,1,Missing harinet,Middle East,Qatar,2,224,2020-11-13 16:58:20,1
368,1,Missing harinet,Middle East,Qatar,2,224,2020-11-13 16:58:20,2
369,1,Missing harinet,Middle East,Qatar,2,224,2020-11-13 16:58:20,2
370,1,Missing harinet,Middle East,Qatar,2,224,2020-11-13 16:58:20,1
371,1,Missing harinet,Middle East,Qatar,2,224,2020-11-13 16:58:20,1
372,1,Missing harinet,Middle East,Qatar,2,224,2020-11-13 16:58:20,1
373,1,Missing harinet,Middle East,Qatar,2,224,2020-11-13 16:58:20,1
374,1,Missing harinet,Middle East,Qatar,2,224,2020-11-13 16:58:20,2
375,1,Missing harinet,Middle East,Qatar,2,224,2020-11-13 16:58:20,1
376,1,Missing harinet,Middle East,Qatar,2,224,2020-11-13 16:58:20,1
377,1,Missing harinet,Middle East,Qatar,2,224,2020-11-13 16:58:20,1
378,1,Missing harinet,Middle East,Qatar,2,224,2020-11-13 16:58:20,1
379,1,Missing harinet,Middle East,Qatar,2,224,2020-11-13 16:58:20,1
380,1,Missing harinet,Middle East,Qatar,2,224,2020-11-13 16:58:20,1
381,1,Missing harinet,Middle East,Qatar,2,224,2020-11-13 16:58:20,2
382,1,Missing harinet,Middle East,Qatar,2,224,2020-11-13 16:58:20,2
383,1,Missing harinet,Middle East,Qatar,2,224,2020-11-13 16:58:20,3
384,1,Missing harinet,Middle East,Qatar,2,224,2020-11-13 16:58:20,2
385,1,Missing harinet,Middle East,Qatar,2,224,2020-11-13 16:58:20,2
386,1,Missing harinet,Middle East,Qatar,2,224,2020-11-13 16:58:20,3
387,1,Missing harinet,Middle East,Qatar,2,224,2020-11-13 16:58:20,2
388,1,Missing harinet,Middle East,Qatar,2,224,2020-11-13 16:58:20,1
389,1,Missing harinet,Middle East,Qatar,2,224,2020-11-13 16:58:20,2
390,1,Missing harinet,Middle East,Qatar,2,224,2020-11-13 16:58:20,1
391,1,Missing harinet,Middle East,Qatar,2,224,2020-11-13 16:58:20,1
392,1,Missing harinet,Middle East,Qatar,2,224,2020-11-13 16:58:20,2
393,1,Missing harinet,Middle East,Qatar,2,224,2020-11-13 16:58:20,3
394,1,Missing harinet,Middle East,Qatar,2,224,2020-11-13 16:58:20,3
395,1,Missing harinet,Middle East,Qatar,2,224,2020-11-13 16:58:20,1
396,1,Missing harinet,Middle East,Qatar,2,224,2020-11-13 16:58:20,2
397,1,Missing harinet,Middle East,Qatar,2,224,2020-11-13 16:58:20,1
398,1,Missing harinet,Middle East,Qatar,2,224,2020-11-13 16:58:20,1
399,1,Missing harinet,Middle East,Qatar,2,224,2020-11-13 16:58:20,1
400,1,Missing harinet,Middle East,Qatar,2,224,2020-11-13 17:58:20,2
401,1,Missing harinet,Middle East,Qatar,2,224,2020-11-13 17:58:20,0
402,1,Missing harinet,Middle East,Qatar,2,224,2020-11-13 17:58:20,0
403,1,Missing harinet,Middle East,Qatar,2,224,2020-11-13 17:58:20,0
404,1,Missing harinet,Middle East,Qatar,2,224,2020-11-13 17:58:20,0
405,1,Missing harinet,Middle East,Qatar,2,224,2020-11-13 17:58:20,0
406,1,Missing harinet,Middle East,Qatar,2,224,2020-11-13 17:58:20,0
407,1,Missing harinet,Middle East,Qatar,2,224,2020-11-13 17:58:20,0
408,1,Missing harinet,Middle East,Qatar,2,224,2020-11-13 17:58:20,0
409,1,Missing harinet,Middle East,Qatar,2,224,2020-11-13 17:58:20,0
410,1,Missing harinet,Middle East,Qatar,2,224,2020-11-13 17:58:20,1
411,1,Missing harinet,Middle East,Qatar,2,224,2020-11-13 17:58:20,0
412,1,Missing harinet,Middle East,Qatar,2,224,2020-11-13 17:58:20,2
413,1,Missing harinet,Middle East,Qatar,2,224,2020-11-13 17:58:20,1
414,1,Missing harinet,Middle East,Qatar,2,224,2020-11-13 17:58:20,1
415,1,Missing harinet,Middle East,Qatar,2,224,2020-11-13 17:58:20,1
416,1,Missing harinet,Middle East,Qatar,2,224,2020-11-13 17:58:20,0
417,1,Missing harinet,Middle East,Qatar,2,224,2020-11-13 17:58:20,1
418,1,Missing harinet,Middle East,Qatar,2,224,2020-11-13 17:58:20,1
419,1,Missing harinet,Middle East,Qatar,2,224,2020-11-13 17:58:20,1
420,1,Missing harinet,Middle East,Qatar,2,224,2020-11-13 17:58:20,1
421,1,Missing harinet,Middle East,Qatar,2,224,2020-11-13 17:58:20,0
422,1,Missing harinet,Middle East,Qatar,2,224,2020-11-13 17:58:20,0
423,1,Missing harinet,Middle East,Qatar,2,224,2020-11-13 17:58:20,0
424,1,Missing harinet,Middle East,Qatar,2,224,2020-11-13 17:58:20,0
425,1,Missing harinet,Middle East,Qatar,2,224,2020-11-13 17:58:20,0
426,1,Missing harinet,Middle East,Qatar,2,224,2020-11-13 17:58:20,2
427,1,Missing harinet,Middle East,Qatar,2,224,2020-11-13 17:58:20,0
428,1,Missing harinet,Middle East,Qatar,2,224,2020-11-13 17:58:20,0
429,1,Missing harinet,Middle East,Qatar,2,224,2020-11-13 17:58:20,0
430,1,Missing harinet,Middle East,Qatar,2,224,2020-11-13 17:58:20,0
431,1,Missing harinet,Middle East,Qatar,2,224,2020-11-13 17:58:20,0
432,1,Missing harinet,Middle East,Qatar,2,224,2020-11-13 17:58:20,0
433,1,Missing harinet,Middle East,Qatar,2,224,2020-11-13 17:58:20,0
434,1,Missing harinet,Middle East,Qatar,2,224,2020-11-13 17:58:20,0
435,1,Missing harinet,Middle East,Qatar,2,224,2020-11-13 17:58:20,0
436,1,Missing harinet,Middle East,Qatar,2,224,2020-11-13 17:58:20,0
437,1,Missing harinet,Middle East,Qatar,2,224,2020-11-13 17:58:20,0
438,1,Missing harinet,Middle East,Qatar,2,224,2020-11-13 17:58:20,0
439,1,Missing harinet,Middle East,Qatar,2,224,2020-11-13 17:58:20,0
440,1,Missing harinet,Middle East,Qatar,2,224,2020-11-13 17:58:20,0
441,1,Missing harinet,Middle East,Qatar,2,224,2020-11-13 17:58:20,0
442,1,Missing harinet,Middle East,Qatar,2,224,2020-11-13 17:58:20,0
443,1,Missing harinet,Middle East,Qatar,2,224,2020-11-13 17:58:20,0
444,1,Missing harinet,Middle East,Qatar,2,224,2020-11-13 17:58:20,0
445,1,Missing harinet,Middle East,Qatar,2,224,2020-11-13 17:58:20,0
446,1,Missing harinet,Middle East,Qatar,2,224,2020-11-13 17:58:20,0
447,1,Missing harinet,Middle East,Qatar,2,224,2020-11-13 17:58:20,0
448,1,Missing harinet,Middle East,Qatar,2,224,2020-11-13 17:58:20,0
449,1,Missing harinet,Middle East,Qatar,2,224,2020-11-13 17:58:20,0
450,1,Missing harinet,Middle East,Qatar,2,224,2020-11-13 17:58:20,0
451,1,Missing harinet,Middle East,Qatar,2,224,2020-11-13 17:58:20,0
452,1,Missing harinet,Middle East,Qatar,2,224,2020-11-13 17:58:20,0
453,1,Missing harinet,Middle East,Qatar,2,224,2020-11-13 17:58:20,0
454,1,Missing harinet,Middle East,Qatar,2,224,2020-11-13 17:58:20,0
455,1,Missing harinet,Middle East,Qatar,2,224,2020-11-13 17:58:20,0
456,1,Missing harinet,Middle East,Qatar,2,224,2020-11-13 17:58:20,0
457,1,Missing harinet,Middle East,Qatar,2,224,2020-11-13 17:58:20,0
458,1,Missing harinet,Middle East,Qatar,2,224,2020-11-13 17:58:20,0
459,1,Missing harinet,Middle East,Qatar,2,224,2020-11-13 17:58:20,0
460,1,Missing harinet,Middle East,Qatar,2,224,2020-11-13 17:58:20,1
461,1,Missing harinet,Middle East,Qatar,2,224,2020-11-13 17:58:20,1
462,1,Missing harinet,Middle East,Qatar,2,224,2020-11-13 17:58:20,0
463,1,Missing harinet,Middle East,Qatar,2,224,2020-11-13 17:58:20,0
464,1,Missing harinet,Middle East,Qatar,2,224,2020-11-13 17:58:20,0
465,1,Missing harinet,Middle East,Qatar,2,224,2020-11-13 17:58:20,0
466,1,Missing harinet,Middle East,Qatar,2,224,2020-11-13 17:58:20,0
467,1,Missing harinet,Middle East,Qatar,2,224,2020-11-13 17:58:20,0
468,1,Missing harinet,Middle East,Qatar,2,224,2020-11-13 17:58:20,1
469,1,Missing harinet,Middle East,Qatar,2,224,2020-11-13 17:58:20,0
470,1,Missing harinet,Middle East,Qatar,2,224,2020-11-13 17:58:20,0
471,1,Missing harinet,Middle East,Qatar,2,224,2020-11-13 17:58:20,1
472,1,Missing harinet,Middle East,Qatar,2,224,2020-11-13 17:58:20,1
473,1,Missing harinet,Middle East,Qatar,2,224,2020-11-13 17:58:20,1
474,1,Missing harinet,Middle East,Qatar,2,224,2020-11-13 17:58:20,0
475,1,Missing harinet,Middle East,Qatar,2,224,2020-11-13 17:58:20,0
476,1,Missing harinet,Middle East,Qatar,2,224,2020-11-13 17:58:20,1
477,1,Missing harinet,Middle East,Qatar,2,224,2020-11-13 17:58:20,1
478,1,Missing harinet,Middle East,Qatar,2,224,2020-11-13 17:58:20,0
479,1,Missing harinet,Middle East,Qatar,2,224,2020-11-13 17:58:20,0
480,1,Missing harinet,Middle East,Qatar,2,224,2020-11-13 17:58:20,1
481,1,Missing harinet,Middle East,Qatar,2,224,2020-11-13 17:58:20,1
482,1,Missing harinet,Middle East,Qatar,2,224,2020-11-13 17:58:20,1
483,1,Missing harinet,Middle East,Qatar,2,224,2020-11-13 17:58:20,1
484,1,Missing harinet,Middle East,Qatar,2,224,2020-11-13 17:58:20,1
485,1,Missing harinet,Middle East,Qatar,2,224,2020-11-13 17:58:20,1
486,1,Missing harinet,Middle East,Qatar,2,224,2020-11-13 17:58:20,1
487,1,Missing harinet,Middle East,Qatar,2,224,2020-11-13 17:58:20,0
488,1,Missing harinet,Middle East,Qatar,2,224,2020-11-13 17:58:20,0
489,1,Missing harinet,Middle East,Qatar,2,224,2020-11-13 17:58:20,0
490,1,Missing harinet,Middle East,Qatar,2,224,2020-11-13 17:58:20,1
491,1,Missing harinet,Middle East,Qatar,2,224,2020-11-13 17:58:20,1
492,1,Missing harinet,Middle East,Qatar,2,224,2020-11-13 17:58:20,1
493,1,Missing harinet,Middle East,Qatar,2,224,2020-11-13 17:58:20,1
494,1,Missing harinet,Middle East,Qatar,2,224,2020-11-13 17:58:20,1
495,1,Missing harinet,Middle East,Qatar,2,224,2020-11-13 17:58:20,0
496,1,Missing harinet,Middle East,Qatar,2,224,2020-11-13 17:58:20,0
497,1,Missing harinet,Middle East,Qatar,2,224,2020-11-13 17:58:20,0
498,1,Missing harinet,Middle East,Qatar,2,224,2020-11-13 17:58:20,0
499,1,Missing harinet,Middle East,Qatar,2,224,2020-11-13 17:58:20,0
500,1,Missing harinet,Middle East,Qatar,2,224,2020-11-13 17:58:20,0
501,1,Missing harinet,Middle East,Qatar,2,224,2020-11-13 17:58:20,1
502,1,Missing harinet,Middle East,Qatar,2,224,2020-11-13 17:58:20,0
503,1,Missing harinet,Middle East,Qatar,2,224,2020-11-13 17:58:20,0
504,1,Missing harinet,Middle East,Qatar,2,224,2020-11-13 17:58:20,1
505,1,Missing harinet,Middle East,Qatar,2,224,2020-11-13 17:58:20,0
506,1,Missing harinet,Middle East,Qatar,2,224,2020-11-13 17:58:20,1
507,1,Missing harinet,Middle East,Qatar,2,224,2020-11-13 17:58:20,0
508,1,Missing harinet,Middle East,Qatar,2,224,2020-11-13 17:58:20,0
509,1,Missing harinet,Middle East,Qatar,2,224,2020-11-13 17:58:20,0
510,1,Missing harinet,Middle East,Qatar,2,224,2020-11-13 17:58:20,0
511,1,Missing harinet,Middle East,Qatar,2,224,2020-11-13 17:58:20,0
512,1,Missing harinet,Middle East,Qatar,2,224,2020-11-13 17:58:20,1
513,1,Missing harinet,Middle East,Qatar,2,224,2020-11-13 17:58:20,1
514,1,Missing harinet,Middle East,Qatar,2,224,2020-11-13 17:58:20,1
515,1,Missing harinet,Middle East,Qatar,2,224,2020-11-13 17:58:20,1
516,1,Missing harinet,Middle East,Qatar,2,224,2020-11-13 17:58:20,2
517,1,Missing harinet,Middle East,Qatar,2,224,2020-11-13 17:58:20,1
518,1,Missing harinet,Middle East,Qatar,2,224,2020-11-13 17:58:20,2
519,1,Missing harinet,Middle East,Qatar,2,224,2020-11-13 17:58:20,1
520,1,Missing harinet,Middle East,Qatar,2,224,2020-11-13 17:58:20,1
521,1,Missing harinet,Middle East,Qatar,2,224,2020-11-13 17:58:20,1
522,1,Missing harinet,Middle East,Qatar,2,224,2020-11-13 17:58:20,1
523,1,Missing harinet,Middle East,Qatar,2,224,2020-11-13 17:58:20,2
524,1,Missing harinet,Middle East,Qatar,2,224,2020-11-13 17:58:20,2
525,1,Missing harinet,Middle East,Qatar,2,224,2020-11-13 17:58:20,2
526,1,Missing harinet,Middle East,Qatar,2,224,2020-11-13 17:58:20,2
527,1,Missing harinet,Middle East,Qatar,2,224,2020-11-13 17:58:20,2
528,1,Missing harinet,Middle East,Qatar,2,224,2020-11-13 17:58:20,2
529,1,Missing harinet,Middle East,Qatar,2,224,2020-11-13 17:58:20,2
530,1,Missing harinet,Middle East,Qatar,2,224,2020-11-13 17:58:20,2
531,1,Missing harinet,Middle East,Qatar,2,224,2020-11-13 17:58:20,2
532,1,Missing harinet,Middle East,Qatar,2,224,2020-11-13 17:58:20,2
533,1,Missing harinet,Middle East,Qatar,2,224,2020-11-13 17:58:20,2
534,1,Missing harinet,Middle East,Qatar,2,224,2020-11-13 17:58:20,2
535,1,Missing harinet,Middle East,Qatar,2,224,2020-11-13 17:58:20,2
536,1,Missing harinet,Middle East,Qatar,2,224,2020-11-13 17:58:20,2
537,1,Missing harinet,Middle East,Qatar,2,224,2020-11-13 17:58:20,2
538,1,Missing harinet,Middle East,Qatar,2,224,2020-11-13 17:58:20,1
539,1,Missing harinet,Middle East,Qatar,2,224,2020-11-13 17:58:20,1
540,1,Missing harinet,Middle East,Qatar,2,224,2020-11-13 17:58:20,1
541,1,Missing harinet,Middle East,Qatar,2,224,2020-11-13 17:58:20,1
542,1,Missing harinet,Middle East,Qatar,2,224,2020-11-13 17:58:20,1
543,1,Missing harinet,Middle East,Qatar,2,224,2020-11-13 17:58:20,1
544,1,Missing harinet,Middle East,Qatar,2,224,2020-11-13 17:58:20,1
545,1,Missing harinet,Middle East,Qatar,2,224,2020-11-13 17:58:20,2
546,1,Missing harinet,Middle East,Qatar,2,224,2020-11-13 17:58:20,2
547,1,Missing harinet,Middle East,Qatar,2,224,2020-11-13 17:58:20,2
548,1,Missing harinet,Middle East,Qatar,2,224,2020-11-13 17:58:20,2
549,1,Missing harinet,Middle East,Qatar,2,224,2020-11-13 17:58:20,2
550,1,Missing harinet,Middle East,Qatar,2,224,2020-11-13 17:58:20,1
551,1,Missing harinet,Middle East,Qatar,2,224,2020-11-13 17:58:20,1
552,1,Missing harinet,Middle East,Qatar,2,224,2020-11-13 17:58:20,2
553,1,Missing harinet,Middle East,Qatar,2,224,2020-11-13 17:58:20,2
554,1,Missing harinet,Middle East,Qatar,2,224,2020-11-13 17:58:20,1
555,1,Missing harinet,Middle East,Qatar,2,224,2020-11-13 17:58:20,1
556,1,Missing harinet,Middle East,Qatar,2,224,2020-11-13 17:58:20,1
557,1,Missing harinet,Middle East,Qatar,2,224,2020-11-13 17:58:20,1
558,1,Missing harinet,Middle East,Qatar,2,224,2020-11-13 17:58:20,1
559,1,Missing harinet,Middle East,Qatar,2,224,2020-11-13 17:58:20,2
560,1,Missing harinet,Middle East,Qatar,2,224,2020-11-13 17:58:20,2
561,1,Missing harinet,Middle East,Qatar,2,224,2020-11-13 17:58:20,2
562,1,Missing harinet,Middle East,Qatar,2,224,2020-11-13 17:58:20,2
563,1,Missing harinet,Middle East,Qatar,2,224,2020-11-13 17:58:20,2
564,1,Missing harinet,Middle East,Qatar,2,224,2020-11-13 17:58:20,2
565,1,Missing harinet,Middle East,Qatar,2,224,2020-11-13 17:58:20,2
566,1,Missing harinet,Middle East,Qatar,2,224,2020-11-13 17:58:20,2
567,1,Missing harinet,Middle East,Qatar,2,224,2020-11-13 17:58:20,1
568,1,Missing harinet,Middle East,Qatar,2,224,2020-11-13 17:58:20,1
569,1,Missing harinet,Middle East,Qatar,2,224,2020-11-13 17:58:20,1
570,1,Missing harinet,Middle East,Qatar,2,224,2020-11-13 17:58:20,1
571,1,Missing harinet,Middle East,Qatar,2,224,2020-11-13 17:58:20,1
572,1,Missing harinet,Middle East,Qatar,2,224,2020-11-13 17:58:20,1
573,1,Missing harinet,Middle East,Qatar,2,224,2020-11-13 17:58:20,1
574,1,Missing harinet,Middle East,Qatar,2,224,2020-11-13 17:58:20,1
575,1,Missing harinet,Middle East,Qatar,2,224,2020-11-13 17:58:20,1
576,1,Missing harinet,Middle East,Qatar,2,224,2020-11-13 17:58:20,1
577,1,Missing harinet,Middle East,Qatar,2,224,2020-11-13 17:58:20,1
578,1,Missing harinet,Middle East,Qatar,2,224,2020-11-13 17:58:20,1
579,1,Missing harinet,Middle East,Qatar,2,224,2020-11-13 17:58:20,2
580,1,Missing harinet,Middle East,Qatar,2,224,2020-11-13 17:58:20,1
581,1,Missing harinet,Middle East,Qatar,2,224,2020-11-13 17:58:20,1
582,1,Missing harinet,Middle East,Qatar,2,224,2020-11-13 17:58:20,1
583,1,Missing harinet,Middle East,Qatar,2,224,2020-11-13 17:58:20,1
584,1,Missing harinet,Middle East,Qatar,2,224,2020-11-13 17:58:20,1
585,1,Missing harinet,Middle East,Qatar,2,224,2020-11-13 17:58:20,1
586,1,Missing harinet,Middle East,Qatar,2,224,2020-11-13 17:58:20,1
587,1,Missing harinet,Middle East,Qatar,2,224,2020-11-13 17:58:20,1
588,1,Missing harinet,Middle East,Qatar,2,224,2020-11-13 17:58:20,1
589,1,Missing harinet,Middle East,Qatar,2,224,2020-11-13 17:58:20,1
590,1,Missing harinet,Middle East,Qatar,2,224,2020-11-13 17:58:20,1
591,1,Missing harinet,Middle East,Qatar,2,224,2020-11-13 17:58:20,1
592,1,Missing harinet,Middle East,Qatar,2,224,2020-11-13 17:58:20,1
593,1,Missing harinet,Middle East,Qatar,2,224,2020-11-13 17:58:20,1
594,1,Missing harinet,Middle East,Qatar,2,224,2020-11-13 17:58:20,1
595,1,Missing harinet,Middle East,Qatar,2,224,2020-11-13 17:58:20,1
596,1,Missing harinet,Middle East,Qatar,2,224,2020-11-13 17:58:20,1
597,1,Missing harinet,Middle East,Qatar,2,224,2020-11-13 17:58:20,0
598,1,Missing harinet,Middle East,Qatar,2,224,2020-11-13 17:58:20,0
599,1,Missing harinet,Middle East,Qatar,2,224,2020-11-13 17:58:20,0
600,1,Missing harinet,Middle East,Qatar,2,224,2020-11-13 18:58:20,1
601,1,Missing harinet,Middle East,Qatar,2,224,2020-11-13 18:58:20,1
602,1,Missing harinet,Middle East,Qatar,2,224,2020-11-13 18:58:20,1
603,1,Missing harinet,Middle East,Qatar,2,224,2020-11-13 18:58:20,1
604,1,Missing harinet,Middle East,Qatar,2,224,2020-11-13 18:58:20,1
605,1,Missing harinet,Middle East,Qatar,2,224,2020-11-13 18:58:20,1
606,1,Missing harinet,Middle East,Qatar,2,224,2020-11-13 18:58:20,1
607,1,Missing harinet,Middle East,Qatar,2,224,2020-11-13 18:58:20,1
608,1,Missing harinet,Middle East,Qatar,2,224,2020-11-13 18:58:20,1
609,1,Missing harinet,Middle East,Qatar,2,224,2020-11-13 18:58:20,1
610,1,Missing harinet,Middle East,Qatar,2,224,2020-11-13 18:58:20,1
611,1,Missing harinet,Middle East,Qatar,2,224,2020-11-13 18:58:20,1
612,1,Missing harinet,Middle East,Qatar,2,224,2020-11-13 18:58:20,1
613,1,Missing harinet,Middle East,Qatar,2,224,2020-11-13 18:58:20,1
614,1,Missing harinet,Middle East,Qatar,2,224,2020-11-13 18:58:20,0
615,1,Missing harinet,Middle East,Qatar,2,224,2020-11-13 18:58:20,0
616,1,Missing harinet,Middle East,Qatar,2,224,2020-11-13 18:58:20,0
617,1,Missing harinet,Middle East,Qatar,2,224,2020-11-13 18:58:20,0
618,1,Missing harinet,Middle East,Qatar,2,224,2020-11-13 18:58:20,0
619,1,Missing harinet,Middle East,Qatar,2,224,2020-11-13 18:58:20,0
620,1,Missing harinet,Middle East,Qatar,2,224,2020-11-13 18:58:20,0
621,1,Missing harinet,Middle East,Qatar,2,224,2020-11-13 18:58:20,0
622,1,Missing harinet,Middle East,Qatar,2,224,2020-11-13 18:58:20,0
623,1,Missing harinet,Middle East,Qatar,2,224,2020-11-13 18:58:20,0
624,1,Missing harinet,Middle East,Qatar,2,224,2020-11-13 18:58:20,0
625,1,Missing harinet,Middle East,Qatar,2,224,2020-11-13 18:58:20,0
626,1,Missing harinet,Middle East,Qatar,2,224,2020-11-13 18:58:20,0
627,1,Missing harinet,Middle East,Qatar,2,224,2020-11-13 18:58:20,0
628,1,Missing harinet,Middle East,Qatar,2,224,2020-11-13 18:58:20,0
629,1,Missing harinet,Middle East,Qatar,2,224,2020-11-13 18:58:20,0
630,1,Missing harinet,Middle East,Qatar,2,224,2020-11-13 18:58:20,0
631,1,Missing harinet,Middle East,Qatar,2,224,2020-11-13 18:58:20,0
632,1,Missing harinet,Middle East,Qatar,2,224,2020-11-13 18:58:20,0
633,1,Missing harinet,Middle East,Qatar,2,224,2020-11-13 18:58:20,0
634,1,Missing harinet,Middle East,Qatar,2,224,2020-11-13 18:58:20,0
635,1,Missing harinet,Middle East,Qatar,2,224,2020-11-13 18:58:20,0
636,1,Missing harinet,Middle East,Qatar,2,224,2020-11-13 18:58:20,0
637,1,Missing harinet,Middle East,Qatar,2,224,2020-11-13 18:58:20,0
638,1,Missing harinet,Middle East,Qatar,2,224,2020-11-13 18:58:20,0
639,1,Missing harinet,Middle East,Qatar,2,224,2020-11-13 18:58:20,0
640,1,Missing harinet,Middle East,Qatar,2,224,2020-11-13 18:58:20,0
641,1,Missing harinet,Middle East,Qatar,2,224,2020-11-13 18:58:20,0
642,1,Missing harinet,Middle East,Qatar,2,224,2020-11-13 18:58:20,0
643,1,Missing harinet,Middle East,Qatar,2,224,2020-11-13 18:58:20,0
644,1,Missing harinet,Middle East,Qatar,2,224,2020-11-13 18:58:20,0
645,1,Missing harinet,Middle East,Qatar,2,224,2020-11-13 18:58:20,0
646,1,Missing harinet,Middle East,Qatar,2,224,2020-11-13 18:58:20,0
647,1,Missing harinet,Middle East,Qatar,2,224,2020-11-13 18:58:20,0
648,1,Missing harinet,Middle East,Qatar,2,224,2020-11-13 18:58:20,0
649,1,Missing harinet,Middle East,Qatar,2,224,2020-11-13 18:58:20,0
650,1,Missing harinet,Middle East,Qatar,2,224,2020-11-13 18:58:20,1
651,1,Missing harinet,Middle East,Qatar,2,224,2020-11-13 18:58:20,1
652,1,Missing harinet,Middle East,Qatar,2,224,2020-11-13 18:58:20,1
653,1,Missing harinet,Middle East,Qatar,2,224,2020-11-13 18:58:20,1
654,1,Missing harinet,Middle East,Qatar,2,224,2020-11-13 18:58:20,1
655,1,Missing harinet,Middle East,Qatar,2,224,2020-11-13 18:58:20,1
656,1,Missing harinet,Middle East,Qatar,2,224,2020-11-13 18:58:20,1
657,1,Missing harinet,Middle East,Qatar,2,224,2020-11-13 18:58:20,0
658,1,Missing harinet,Middle East,Qatar,2,224,2020-11-13 18:58:20,0
659,1,Missing harinet,Middle East,Qatar,2,224,2020-11-13 18:58:20,0
660,1,Missing harinet,Middle East,Qatar,2,224,2020-11-13 18:58:20,0
661,1,Missing harinet,Middle East,Qatar,2,224,2020-11-13 18:58:20,0
662,1,Missing harinet,Middle East,Qatar,2,224,2020-11-13 18:58:20,0
663,1,Missing harinet,Middle East,Qatar,2,224,2020-11-13 18:58:20,0
664,1,Missing harinet,Middle East,Qatar,2,224,2020-11-13 18:58:20,0
665,1,Missing harinet,Middle East,Qatar,2,224,2020-11-13 18:58:20,0
666,1,Missing harinet,Middle East,Qatar,2,224,2020-11-13 18:58:20,0
667,1,Missing harinet,Middle East,Qatar,2,224,2020-11-13 18:58:20,0
668,1,Missing harinet,Middle East,Qatar,2,224,2020-11-13 18:58:20,0
669,1,Missing harinet,Middle East,Qatar,2,224,2020-11-13 18:58:20,0
670,1,Missing harinet,Middle East,Qatar,2,224,2020-11-13 18:58:20,0
671,1,Missing harinet,Middle East,Qatar,2,224,2020-11-13 18:58:20,0
672,1,Missing harinet,Middle East,Qatar,2,224,2020-11-13 18:58:20,0
673,1,Missing harinet,Middle East,Qatar,2,224,2020-11-13 18:58:20,0
674,1,Missing harinet,Middle East,Qatar,2,224,2020-11-13 18:58:20,0
675,1,Missing harinet,Middle East,Qatar,2,224,2020-11-13 18:58:20,0
676,1,Missing harinet,Middle East,Qatar,2,224,2020-11-13 18:58:20,0
677,1,Missing harinet,Middle East,Qatar,2,224,2020-11-13 18:58:20,0
678,1,Missing harinet,Middle East,Qatar,2,224,2020-11-13 18:58:20,0
679,1,Missing harinet,Middle East,Qatar,2,224,2020-11-13 18:58:20,0
680,1,Missing harinet,Middle East,Qatar,2,224,2020-11-13 18:58:20,0
681,1,Missing harinet,Middle East,Qatar,2,224,2020-11-13 18:58:20,0
682,1,Missing harinet,Middle East,Qatar,2,224,2020-11-13 18:58:20,0
683,1,Missing harinet,Middle East,Qatar,2,224,2020-11-13 18:58:20,0
684,1,Missing harinet,Middle East,Qatar,2,224,2020-11-13 18:58:20,0
685,1,Missing harinet,Middle East,Qatar,2,224,2020-11-13 18:58:20,1
686,1,Missing harinet,Middle East,Qatar,2,224,2020-11-13 18:58:20,1
687,1,Missing harinet,Middle East,Qatar,2,224,2020-11-13 18:58:20,1
688,1,Missing harinet,Middle East,Qatar,2,224,2020-11-13 18:58:20,2
689,1,Missing harinet,Middle East,Qatar,2,224,2020-11-13 18:58:20,2
690,1,Missing harinet,Middle East,Qatar,2,224,2020-11-13 18:58:20,2
691,1,Missing harinet,Middle East,Qatar,2,224,2020-11-13 18:58:20,2
692,1,Missing harinet,Middle East,Qatar,2,224,2020-11-13 18:58:20,1
693,1,Missing harinet,Middle East,Qatar,2,224,2020-11-13 18:58:20,1
694,1,Missing harinet,Middle East,Qatar,2,224,2020-11-13 18:58:20,2
695,1,Missing harinet,Middle East,Qatar,2,224,2020-11-13 18:58:20,2
696,1,Missing harinet,Middle East,Qatar,2,224,2020-11-13 18:58:20,1
697,1,Missing harinet,Middle East,Qatar,2,224,2020-11-13 18:58:20,1
698,1,Missing harinet,Middle East,Qatar,2,224,2020-11-13 18:58:20,1
699,1,Missing harinet,Middle East,Qatar,2,224,2020-11-13 18:58:20,1
700,1,Missing harinet,Middle East,Qatar,2,224,2020-11-13 18:58:20,1
701,1,Missing harinet,Middle East,Qatar,2,224,2020-11-13 18:58:20,1
702,1,Missing harinet,Middle East,Qatar,2,224,2020-11-13 18:58:20,1
703,1,Missing harinet,Middle East,Qatar,2,224,2020-11-13 18:58:20,2
704,1,Missing harinet,Middle East,Qatar,2,224,2020-11-13 18:58:20,2
705,1,Missing harinet,Middle East,Qatar,2,224,2020-11-13 18:58:20,2
706,1,Missing harinet,Middle East,Qatar,2,224,2020-11-13 18:58:20,4
707,1,Missing harinet,Middle East,Qatar,2,224,2020-11-13 18:58:20,2
708,1,Missing harinet,Middle East,Qatar,2,224,2020-11-13 18:58:20,2
709,1,Missing harinet,Middle East,Qatar,2,224,2020-11-13 18:58:20,3
710,1,Missing harinet,Middle East,Qatar,2,224,2020-11-13 18:58:20,3
711,1,Missing harinet,Middle East,Qatar,2,224,2020-11-13 18:58:20,1
712,1,Missing harinet,Middle East,Qatar,2,224,2020-11-13 18:58:20,1
713,1,Missing harinet,Middle East,Qatar,2,224,2020-11-13 18:58:20,2
714,1,Missing harinet,Middle East,Qatar,2,224,2020-11-13 18:58:20,1
715,1,Missing harinet,Middle East,Qatar,2,224,2020-11-13 18:58:20,2
716,1,Missing harinet,Middle East,Qatar,2,224,2020-11-13 18:58:20,2
717,1,Missing harinet,Middle East,Qatar,2,224,2020-11-13 18:58:20,1
718,1,Missing harinet,Middle East,Qatar,2,224,2020-11-13 18:58:20,0
719,1,Missing harinet,Middle East,Qatar,2,224,2020-11-13 18:58:20,0
720,1,Missing harinet,Middle East,Qatar,2,224,2020-11-13 18:58:20,2
721,1,Missing harinet,Middle East,Qatar,2,224,2020-11-13 18:58:20,3
722,1,Missing harinet,Middle East,Qatar,2,224,2020-11-13 18:58:20,2
723,1,Missing harinet,Middle East,Qatar,2,224,2020-11-13 18:58:20,2
724,1,Missing harinet,Middle East,Qatar,2,224,2020-11-13 18:58:20,1
725,1,Missing harinet,Middle East,Qatar,2,224,2020-11-13 18:58:20,1
726,1,Missing harinet,Middle East,Qatar,2,224,2020-11-13 18:58:20,1
727,1,Missing harinet,Middle East,Qatar,2,224,2020-11-13 18:58:20,1
728,1,Missing harinet,Middle East,Qatar,2,224,2020-11-13 18:58:20,1
729,1,Missing harinet,Middle East,Qatar,2,224,2020-11-13 18:58:20,0
730,1,Missing harinet,Middle East,Qatar,2,224,2020-11-13 18:58:20,1
731,1,Missing harinet,Middle East,Qatar,2,224,2020-11-13 18:58:20,2
732,1,Missing harinet,Middle East,Qatar,2,224,2020-11-13 18:58:20,2
733,1,Missing harinet,Middle East,Qatar,2,224,2020-11-13 18:58:20,2
734,1,Missing harinet,Middle East,Qatar,2,224,2020-11-13 18:58:20,2
735,1,Missing harinet,Middle East,Qatar,2,224,2020-11-13 18:58:20,1
736,1,Missing harinet,Middle East,Qatar,2,224,2020-11-13 18:58:20,2
737,1,Missing harinet,Middle East,Qatar,2,224,2020-11-13 18:58:20,2
738,1,Missing harinet,Middle East,Qatar,2,224,2020-11-13 18:58:20,2
739,1,Missing harinet,Middle East,Qatar,2,224,2020-11-13 18:58:20,2
740,1,Missing harinet,Middle East,Qatar,2,224,2020-11-13 18:58:20,2
741,1,Missing harinet,Middle East,Qatar,2,224,2020-11-13 18:58:20,1
742,1,Missing harinet,Middle East,Qatar,2,224,2020-11-13 18:58:20,1
743,1,Missing harinet,Middle East,Qatar,2,224,2020-11-13 18:58:20,1
744,1,Missing harinet,Middle East,Qatar,2,224,2020-11-13 18:58:20,1
745,1,Missing harinet,Middle East,Qatar,2,224,2020-11-13 18:58:20,2
746,1,Missing harinet,Middle East,Qatar,2,224,2020-11-13 18:58:20,1
747,1,Missing harinet,Middle East,Qatar,2,224,2020-11-13 18:58:20,2
748,1,Missing harinet,Middle East,Qatar,2,224,2020-11-13 18:58:20,3
749,1,Missing harinet,Middle East,Qatar,2,224,2020-11-13 18:58:20,0
750,1,Missing harinet,Middle East,Qatar,2,224,2020-11-13 18:58:20,1
751,1,Missing harinet,Middle East,Qatar,2,224,2020-11-13 18:58:20,3
752,1,Missing harinet,Middle East,Qatar,2,224,2020-11-13 18:58:20,2
753,1,Missing harinet,Middle East,Qatar,2,224,2020-11-13 18:58:20,2
754,1,Missing harinet,Middle East,Qatar,2,224,2020-11-13 18:58:20,2
755,1,Missing harinet,Middle East,Qatar,2,224,2020-11-13 18:58:20,2
756,1,Missing harinet,Middle East,Qatar,2,224,2020-11-13 18:58:20,2
757,1,Missing harinet,Middle East,Qatar,2,224,2020-11-13 18:58:20,0
758,1,Missing harinet,Middle East,Qatar,2,224,2020-11-13 18:58:20,1
759,1,Missing harinet,Middle East,Qatar,2,224,2020-11-13 18:58:20,0
760,1,Missing harinet,Middle East,Qatar,2,224,2020-11-13 18:58:20,1
761,1,Missing harinet,Middle East,Qatar,2,224,2020-11-13 18:58:20,0
762,1,Missing harinet,Middle East,Qatar,2,224,2020-11-13 18:58:20,0
763,1,Missing harinet,Middle East,Qatar,2,224,2020-11-13 18:58:20,0
764,1,Missing harinet,Middle East,Qatar,2,224,2020-11-13 18:58:20,0
765,1,Missing harinet,Middle East,Qatar,2,224,2020-11-13 18:58:20,0
766,1,Missing harinet,Middle East,Qatar,2,224,2020-11-13 18:58:20,0
767,1,Missing harinet,Middle East,Qatar,2,224,2020-11-13 18:58:20,0
768,1,Missing harinet,Middle East,Qatar,2,224,2020-11-13 18:58:20,0
769,1,Missing harinet,Middle East,Qatar,2,224,2020-11-13 18:58:20,0
770,1,Missing harinet,Middle East,Qatar,2,224,2020-11-13 18:58:20,1
771,1,Missing harinet,Middle East,Qatar,2,224,2020-11-13 18:58:20,0
772,1,Missing harinet,Middle East,Qatar,2,224,2020-11-13 18:58:20,0
773,1,Missing harinet,Middle East,Qatar,2,224,2020-11-13 18:58:20,2
774,1,Missing harinet,Middle East,Qatar,2,224,2020-11-13 18:58:20,2
775,1,Missing harinet,Middle East,Qatar,2,224,2020-11-13 18:58:20,2
776,1,Missing harinet,Middle East,Qatar,2,224,2020-11-13 18:58:20,2
777,1,Missing harinet,Middle East,Qatar,2,224,2020-11-13 18:58:20,2
778,1,Missing harinet,Middle East,Qatar,2,224,2020-11-13 18:58:20,1
779,1,Missing harinet,Middle East,Qatar,2,224,2020-11-13 18:58:20,1
780,1,Missing harinet,Middle East,Qatar,2,224,2020-11-13 18:58:20,1
781,1,Missing harinet,Middle East,Qatar,2,224,2020-11-13 18:58:20,2
782,1,Missing harinet,Middle East,Qatar,2,224,2020-11-13 18:58:20,2
783,1,Missing harinet,Middle East,Qatar,2,224,2020-11-13 18:58:20,2
784,1,Missing harinet,Middle East,Qatar,2,224,2020-11-13 18:58:20,2
785,1,Missing harinet,Middle East,Qatar,2,224,2020-11-13 18:58:20,1
786,1,Missing harinet,Middle East,Qatar,2,224,2020-11-13 18:58:20,1
787,1,Missing harinet,Middle East,Qatar,2,224,2020-11-13 18:58:20,1
788,1,Missing harinet,Middle East,Qatar,2,224,2020-11-13 18:58:20,1
789,1,Missing harinet,Middle East,Qatar,2,224,2020-11-13 18:58:20,1
790,1,Missing harinet,Middle East,Qatar,2,224,2020-11-13 18:58:20,1
791,1,Missing harinet,Middle East,Qatar,2,224,2020-11-13 18:58:20,2
792,1,Missing harinet,Middle East,Qatar,2,224,2020-11-13 18:58:20,1
793,1,Missing harinet,Middle East,Qatar,2,224,2020-11-13 18:58:20,1
794,1,Missing harinet,Middle East,Qatar,2,224,2020-11-13 18:58:20,1
795,1,Missing harinet,Middle East,Qatar,2,224,2020-11-13 18:58:20,1
796,1,Missing harinet,Middle East,Qatar,2,224,2020-11-13 18:58:20,1
797,1,Missing harinet,Middle East,Qatar,2,224,2020-11-13 18:58:20,1
798,1,Missing harinet,Middle East,Qatar,2,224,2020-11-13 18:58:20,1
799,1,Missing harinet,Middle East,Qatar,2,224,2020-11-13 18:58:20,1
800,1,Missing harinet,Middle East,Qatar,2,224,2020-11-13 19:58:20,1
801,1,Missing harinet,Middle East,Qatar,2,224,2020-11-13 19:58:20,1
802,1,Missing harinet,Middle East,Qatar,2,224,2020-11-13 19:58:20,1
803,1,Missing harinet,Middle East,Qatar,2,224,2020-11-13 19:58:20,1
804,1,Missing harinet,Middle East,Qatar,2,224,2020-11-13 19:58:20,1
805,1,Missing harinet,Middle East,Qatar,2,224,2020-11-13 19:58:20,1
806,1,Missing harinet,Middle East,Qatar,2,224,2020-11-13 19:58:20,1
807,1,Missing harinet,Middle East,Qatar,2,224,2020-11-13 19:58:20,1
808,1,Missing harinet,Middle East,Qatar,2,224,2020-11-13 19:58:20,1
809,1,Missing harinet,Middle East,Qatar,2,224,2020-11-13 19:58:20,1
810,1,Missing harinet,Middle East,Qatar,2,224,2020-11-13 19:58:20,1
811,1,Missing harinet,Middle East,Qatar,2,224,2020-11-13 19:58:20,1
812,1,Missing harinet,Middle East,Qatar,2,224,2020-11-13 19:58:20,1
813,1,Missing harinet,Middle East,Qatar,2,224,2020-11-13 19:58:20,1
814,1,Missing harinet,Middle East,Qatar,2,224,2020-11-13 19:58:20,0
815,1,Missing harinet,Middle East,Qatar,2,224,2020-11-13 19:58:20,1
816,1,Missing harinet,Middle East,Qatar,2,224,2020-11-13 19:58:20,1
817,1,Missing harinet,Middle East,Qatar,2,224,2020-11-13 19:58:20,1
818,1,Missing harinet,Middle East,Qatar,2,224,2020-11-13 19:58:20,1
819,1,Missing harinet,Middle East,Qatar,2,224,2020-11-13 19:58:20,1
820,1,Missing harinet,Middle East,Qatar,2,224,2020-11-13 19:58:20,0
821,1,Missing harinet,Middle East,Qatar,2,224,2020-11-13 19:58:20,0
822,1,Missing harinet,Middle East,Qatar,2,224,2020-11-13 19:58:20,0
823,1,Missing harinet,Middle East,Qatar,2,224,2020-11-13 19:58:20,0
824,1,Missing harinet,Middle East,Qatar,2,224,2020-11-13 19:58:20,0
825,1,Missing harinet,Middle East,Qatar,2,224,2020-11-13 19:58:20,1
826,1,Missing harinet,Middle East,Qatar,2,224,2020-11-13 19:58:20,1
827,1,Missing harinet,Middle East,Qatar,2,224,2020-11-13 19:58:20,0
828,1,Missing harinet,Middle East,Qatar,2,224,2020-11-13 19:58:20,1
829,1,Missing harinet,Middle East,Qatar,2,224,2020-11-13 19:58:20,1
830,1,Missing harinet,Middle East,Qatar,2,224,2020-11-13 19:58:20,1
831,1,Missing harinet,Middle East,Qatar,2,224,2020-11-13 19:58:20,1
832,1,Missing harinet,Middle East,Qatar,2,224,2020-11-13 19:58:20,1
833,1,Missing harinet,Middle East,Qatar,2,224,2020-11-13 19:58:20,1
834,1,Missing harinet,Middle East,Qatar,2,224,2020-11-13 19:58:20,0
835,1,Missing harinet,Middle East,Qatar,2,224,2020-11-13 19:58:20,0
836,1,Missing harinet,Middle East,Qatar,2,224,2020-11-13 19:58:20,0
837,1,Missing harinet,Middle East,Qatar,2,224,2020-11-13 19:58:20,1
838,1,Missing harinet,Middle East,Qatar,2,224,2020-11-13 19:58:20,1
839,1,Missing harinet,Middle East,Qatar,2,224,2020-11-13 19:58:20,1
840,1,Missing harinet,Middle East,Qatar,2,224,2020-11-13 19:58:20,0
841,1,Missing harinet,Middle East,Qatar,2,224,2020-11-13 19:58:20,1
842,1,Missing harinet,Middle East,Qatar,2,224,2020-11-13 19:58:20,1
843,1,Missing harinet,Middle East,Qatar,2,224,2020-11-13 19:58:20,1
844,1,Missing harinet,Middle East,Qatar,2,224,2020-11-13 19:58:20,1
845,1,Missing harinet,Middle East,Qatar,2,224,2020-11-13 19:58:20,1
846,1,Missing harinet,Middle East,Qatar,2,224,2020-11-13 19:58:20,2
847,1,Missing harinet,Middle East,Qatar,2,224,2020-11-13 19:58:20,2
848,1,Missing harinet,Middle East,Qatar,2,224,2020-11-13 19:58:20,3
849,1,Missing harinet,Middle East,Qatar,2,224,2020-11-13 19:58:20,3
850,1,Missing harinet,Middle East,Qatar,2,224,2020-11-13 19:58:20,1
851,1,Missing harinet,Middle East,Qatar,2,224,2020-11-13 19:58:20,1
852,1,Missing harinet,Middle East,Qatar,2,224,2020-11-13 19:58:20,2
853,1,Missing harinet,Middle East,Qatar,2,224,2020-11-13 19:58:20,1
854,1,Missing harinet,Middle East,Qatar,2,224,2020-11-13 19:58:20,1
855,1,Missing harinet,Middle East,Qatar,2,224,2020-11-13 19:58:20,2
856,1,Missing harinet,Middle East,Qatar,2,224,2020-11-13 19:58:20,1
857,1,Missing harinet,Middle East,Qatar,2,224,2020-11-13 19:58:20,2
858,1,Missing harinet,Middle East,Qatar,2,224,2020-11-13 19:58:20,1
859,1,Missing harinet,Middle East,Qatar,2,224,2020-11-13 19:58:20,1
860,1,Missing harinet,Middle East,Qatar,2,224,2020-11-13 19:58:20,0
861,1,Missing harinet,Middle East,Qatar,2,224,2020-11-13 19:58:20,1
862,1,Missing harinet,Middle East,Qatar,2,224,2020-11-13 19:58:20,0
863,1,Missing harinet,Middle East,Qatar,2,224,2020-11-13 19:58:20,0
864,1,Missing harinet,Middle East,Qatar,2,224,2020-11-13 19:58:20,0
865,1,Missing harinet,Middle East,Qatar,2,224,2020-11-13 19:58:20,0
866,1,Missing harinet,Middle East,Qatar,2,224,2020-11-13 19:58:20,1
867,1,Missing harinet,Middle East,Qatar,2,224,2020-11-13 19:58:20,0
868,1,Missing harinet,Middle East,Qatar,2,224,2020-11-13 19:58:20,1
869,1,Missing harinet,Middle East,Qatar,2,224,2020-11-13 19:58:20,1
870,1,Missing harinet,Middle East,Qatar,2,224,2020-11-13 19:58:20,2
871,1,Missing harinet,Middle East,Qatar,2,224,2020-11-13 19:58:20,2
872,1,Missing harinet,Middle East,Qatar,2,224,2020-11-13 19:58:20,2
873,1,Missing harinet,Middle East,Qatar,2,224,2020-11-13 19:58:20,2
874,1,Missing harinet,Middle East,Qatar,2,224,2020-11-13 19:58:20,1
875,1,Missing harinet,Middle East,Qatar,2,224,2020-11-13 19:58:20,1
876,1,Missing harinet,Middle East,Qatar,2,224,2020-11-13 19:58:20,2
877,1,Missing harinet,Middle East,Qatar,2,224,2020-11-13 19:58:20,2
878,1,Missing harinet,Middle East,Qatar,2,224,2020-11-13 19:58:20,2
879,1,Missing harinet,Middle East,Qatar,2,224,2020-11-13 19:58:20,3
880,1,Missing harinet,Middle East,Qatar,2,224,2020-11-13 19:58:20,2
881,1,Missing harinet,Middle East,Qatar,2,224,2020-11-13 19:58:20,1
882,1,Missing harinet,Middle East,Qatar,2,224,2020-11-13 19:58:20,2
883,1,Missing harinet,Middle East,Qatar,2,224,2020-11-13 19:58:20,1
884,1,Missing harinet,Middle East,Qatar,2,224,2020-11-13 19:58:20,2
885,1,Missing harinet,Middle East,Qatar,2,224,2020-11-13 19:58:20,2
886,1,Missing harinet,Middle East,Qatar,2,224,2020-11-13 19:58:20,3
887,1,Missing harinet,Middle East,Qatar,2,224,2020-11-13 19:58:20,2
888,1,Missing harinet,Middle East,Qatar,2,224,2020-11-13 19:58:20,2
889,1,Missing harinet,Middle East,Qatar,2,224,2020-11-13 19:58:20,1
890,1,Missing harinet,Middle East,Qatar,2,224,2020-11-13 19:58:20,1
891,1,Missing harinet,Middle East,Qatar,2,224,2020-11-13 19:58:20,0
892,1,Missing harinet,Middle East,Qatar,2,224,2020-11-13 19:58:20,0
893,1,Missing harinet,Middle East,Qatar,2,224,2020-11-13 19:58:20,0
894,1,Missing harinet,Middle East,Qatar,2,224,2020-11-13 19:58:20,1
895,1,Missing harinet,Middle East,Qatar,2,224,2020-11-13 19:58:20,1
896,1,Missing harinet,Middle East,Qatar,2,224,2020-11-13 19:58:20,3
897,1,Missing harinet,Middle East,Qatar,2,224,2020-11-13 19:58:20,2
898,1,Missing harinet,Middle East,Qatar,2,224,2020-11-13 19:58:20,0
899,1,Missing harinet,Middle East,Qatar,2,224,2020-11-13 19:58:20,1
900,1,Missing harinet,Middle East,Qatar,2,224,2020-11-13 19:58:20,1
901,1,Missing harinet,Middle East,Qatar,2,224,2020-11-13 19:58:20,1
902,1,Missing harinet,Middle East,Qatar,2,224,2020-11-13 19:58:20,1
903,1,Missing harinet,Middle East,Qatar,2,224,2020-11-13 19:58:20,1
904,1,Missing harinet,Middle East,Qatar,2,224,2020-11-13 19:58:20,1
905,1,Missing harinet,Middle East,Qatar,2,224,2020-11-13 19:58:20,1
906,1,Missing harinet,Middle East,Qatar,2,224,2020-11-13 19:58:20,2
907,1,Missing harinet,Middle East,Qatar,2,224,2020-11-13 19:58:20,2
908,1,Missing harinet,Middle East,Qatar,2,224,2020-11-13 19:58:20,1
909,1,Missing harinet,Middle East,Qatar,2,224,2020-11-13 19:58:20,1
910,1,Missing harinet,Middle East,Qatar,2,224,2020-11-13 19:58:20,1
911,1,Missing harinet,Middle East,Qatar,2,224,2020-11-13 19:58:20,1
912,1,Missing harinet,Middle East,Qatar,2,224,2020-11-13 19:58:20,1
913,1,Missing harinet,Middle East,Qatar,2,224,2020-11-13 19:58:20,2
914,1,Missing harinet,Middle East,Qatar,2,224,2020-11-13 19:58:20,1
915,1,Missing harinet,Middle East,Qatar,2,224,2020-11-13 19:58:20,1
916,1,Missing harinet,Middle East,Qatar,2,224,2020-11-13 19:58:20,2
917,1,Missing harinet,Middle East,Qatar,2,224,2020-11-13 19:58:20,2
918,1,Missing harinet,Middle East,Qatar,2,224,2020-11-13 19:58:20,3
919,1,Missing harinet,Middle East,Qatar,2,224,2020-11-13 19:58:20,1
920,1,Missing harinet,Middle East,Qatar,2,224,2020-11-13 19:58:20,1
921,1,Missing harinet,Middle East,Qatar,2,224,2020-11-13 19:58:20,1
922,1,Missing harinet,Middle East,Qatar,2,224,2020-11-13 19:58:20,1
923,1,Missing harinet,Middle East,Qatar,2,224,2020-11-13 19:58:20,2
924,1,Missing harinet,Middle East,Qatar,2,224,2020-11-13 19:58:20,2
925,1,Missing harinet,Middle East,Qatar,2,224,2020-11-13 19:58:20,0
926,1,Missing harinet,Middle East,Qatar,2,224,2020-11-13 19:58:20,1
927,1,Missing harinet,Middle East,Qatar,2,224,2020-11-13 19:58:20,2
928,1,Missing harinet,Middle East,Qatar,2,224,2020-11-13 19:58:20,2
929,1,Missing harinet,Middle East,Qatar,2,224,2020-11-13 19:58:20,2
930,1,Missing harinet,Middle East,Qatar,2,224,2020-11-13 19:58:20,2
931,1,Missing harinet,Middle East,Qatar,2,224,2020-11-13 19:58:20,2
932,1,Missing harinet,Middle East,Qatar,2,224,2020-11-13 19:58:20,2
933,1,Missing harinet,Middle East,Qatar,2,224,2020-11-13 19:58:20,1
934,1,Missing harinet,Middle East,Qatar,2,224,2020-11-13 19:58:20,1
935,1,Missing harinet,Middle East,Qatar,2,224,2020-11-13 19:58:20,1
936,1,Missing harinet,Middle East,Qatar,2,224,2020-11-13 19:58:20,1
937,1,Missing harinet,Middle East,Qatar,2,224,2020-11-13 19:58:20,1
938,1,Missing harinet,Middle East,Qatar,2,224,2020-11-13 19:58:20,1
939,1,Missing harinet,Middle East,Qatar,2,224,2020-11-13 19:58:20,0
940,1,Missing harinet,Middle East,Qatar,2,224,2020-11-13 19:58:20,1
941,1,Missing harinet,Middle East,Qatar,2,224,2020-11-13 19:58:20,1
942,1,Missing harinet,Middle East,Qatar,2,224,2020-11-13 19:58:20,1
943,1,Missing harinet,Middle East,Qatar,2,224,2020-11-13 19:58:20,0
944,1,Missing harinet,Middle East,Qatar,2,224,2020-11-13 19:58:20,0
945,1,Missing harinet,Middle East,Qatar,2,224,2020-11-13 19:58:20,0
946,1,Missing harinet,Middle East,Qatar,2,224,2020-11-13 19:58:20,1
947,1,Missing harinet,Middle East,Qatar,2,224,2020-11-13 19:58:20,1
948,1,Missing harinet,Middle East,Qatar,2,224,2020-11-13 19:58:20,0
949,1,Missing harinet,Middle East,Qatar,2,224,2020-11-13 19:58:20,2
950,1,Missing harinet,Middle East,Qatar,2,224,2020-11-13 19:58:20,1
951,1,Missing harinet,Middle East,Qatar,2,224,2020-11-13 19:58:20,3
952,1,Missing harinet,Middle East,Qatar,2,224,2020-11-13 19:58:20,3
953,1,Missing harinet,Middle East,Qatar,2,224,2020-11-13 19:58:20,2
954,1,Missing harinet,Middle East,Qatar,2,224,2020-11-13 19:58:20,3
955,1,Missing harinet,Middle East,Qatar,2,224,2020-11-13 19:58:20,3
956,1,Missing harinet,Middle East,Qatar,2,224,2020-11-13 19:58:20,3
957,1,Missing harinet,Middle East,Qatar,2,224,2020-11-13 19:58:20,2
958,1,Missing harinet,Middle East,Qatar,2,224,2020-11-13 19:58:20,3
959,1,Missing harinet,Middle East,Qatar,2,224,2020-11-13 19:58:20,2
960,1,Missing harinet,Middle East,Qatar,2,224,2020-11-13 19:58:20,2
961,1,Missing harinet,Middle East,Qatar,2,224,2020-11-13 19:58:20,2
962,1,Missing harinet,Middle East,Qatar,2,224,2020-11-13 19:58:20,2
963,1,Missing harinet,Middle East,Qatar,2,224,2020-11-13 19:58:20,2
964,1,Missing harinet,Middle East,Qatar,2,224,2020-11-13 19:58:20,2
965,1,Missing harinet,Middle East,Qatar,2,224,2020-11-13 19:58:20,3
966,1,Missing harinet,Middle East,Qatar,2,224,2020-11-13 19:58:20,3
967,1,Missing harinet,Middle East,Qatar,2,224,2020-11-13 19:58:20,3
968,1,Missing harinet,Middle East,Qatar,2,224,2020-11-13 19:58:20,3
969,1,Missing harinet,Middle East,Qatar,2,224,2020-11-13 19:58:20,2
970,1,Missing harinet,Middle East,Qatar,2,224,2020-11-13 19:58:20,3
971,1,Missing harinet,Middle East,Qatar,2,224,2020-11-13 19:58:20,4
972,1,Missing harinet,Middle East,Qatar,2,224,2020-11-13 19:58:20,4
973,1,Missing harinet,Middle East,Qatar,2,224,2020-11-13 19:58:20,3
974,1,Missing harinet,Middle East,Qatar,2,224,2020-11-13 19:58:20,3
975,1,Missing harinet,Middle East,Qatar,2,224,2020-11-13 19:58:20,3
976,1,Missing harinet,Middle East,Qatar,2,224,2020-11-13 19:58:20,3
977,1,Missing harinet,Middle East,Qatar,2,224,2020-11-13 19:58:20,3
978,1,Missing harinet,Middle East,Qatar,2,224,2020-11-13 19:58:20,2
979,1,Missing harinet,Middle East,Qatar,2,224,2020-11-13 19:58:20,2
980,1,Missing harinet,Middle East,Qatar,2,224,2020-11-13 19:58:20,2
981,1,Missing harinet,Middle East,Qatar,2,224,2020-11-13 19:58:20,3
982,1,Missing harinet,Middle East,Qatar,2,224,2020-11-13 19:58:20,4
983,1,Missing harinet,Middle East,Qatar,2,224,2020-11-13 19:58:20,5
984,1,Missing harinet,Middle East,Qatar,2,224,2020-11-13 19:58:20,4
985,1,Missing harinet,Middle East,Qatar,2,224,2020-11-13 19:58:20,5
986,1,Missing harinet,Middle East,Qatar,2,224,2020-11-13 19:58:20,4
987,1,Missing harinet,Middle East,Qatar,2,224,2020-11-13 19:58:20,4
988,1,Missing harinet,Middle East,Qatar,2,224,2020-11-13 19:58:20,2
989,1,Missing harinet,Middle East,Qatar,2,224,2020-11-13 19:58:20,3
990,1,Missing harinet,Middle East,Qatar,2,224,2020-11-13 19:58:20,3
991,1,Missing harinet,Middle East,Qatar,2,224,2020-11-13 19:58:20,3
992,1,Missing harinet,Middle East,Qatar,2,224,2020-11-13 19:58:20,3
993,1,Missing harinet,Middle East,Qatar,2,224,2020-11-13 19:58:20,3
994,1,Missing harinet,Middle East,Qatar,2,224,2020-11-13 19:58:20,4
995,1,Missing harinet,Middle East,Qatar,2,224,2020-11-13 19:58:20,4
996,1,Missing harinet,Middle East,Qatar,2,224,2020-11-13 19:58:20,4
997,1,Missing harinet,Middle East,Qatar,2,224,2020-11-13 19:58:20,4
998,1,Missing harinet,Middle East,Qatar,2,224,2020-11-13 19:58:20,4
999,1,Missing harinet,Middle East,Qatar,2,224,2020-11-13 19:58:20,5
1000,1,Missing harinet,Middle East,Qatar,2,224,2020-11-13 20:58:20,4
1001,1,Missing harinet,Middle East,Qatar,2,224,2020-11-13 20:58:20,3
1002,1,Missing harinet,Middle East,Qatar,2,224,2020-11-13 20:58:20,3
1003,1,Missing harinet,Middle East,Qatar,2,224,2020-11-13 20:58:20,3
1004,1,Missing harinet,Middle East,Qatar,2,224,2020-11-13 20:58:20,3
1005,1,Missing harinet,Middle East,Qatar,2,224,2020-11-13 20:58:20,3
1006,1,Missing harinet,Middle East,Qatar,2,224,2020-11-13 20:58:20,3
1007,1,Missing harinet,Middle East,Qatar,2,224,2020-11-13 20:58:20,4
1008,1,Missing harinet,Middle East,Qatar,2,224,2020-11-13 20:58:20,4
1009,1,Missing harinet,Middle East,Qatar,2,224,2020-11-13 20:58:20,3
1010,1,Missing harinet,Middle East,Qatar,2,224,2020-11-13 20:58:20,4
1011,1,Missing harinet,Middle East,Qatar,2,224,2020-11-13 20:58:20,2
1012,1,Missing harinet,Middle East,Qatar,2,224,2020-11-13 20:58:20,2
1013,1,Missing harinet,Middle East,Qatar,2,224,2020-11-13 20:58:20,2
1014,1,Missing harinet,Middle East,Qatar,2,224,2020-11-13 20:58:20,2
1015,1,Missing harinet,Middle East,Qatar,2,224,2020-11-13 20:58:20,3
1016,1,Missing harinet,Middle East,Qatar,2,224,2020-11-13 20:58:20,4
1017,1,Missing harinet,Middle East,Qatar,2,224,2020-11-13 20:58:20,4
1018,1,Missing harinet,Middle East,Qatar,2,224,2020-11-13 20:58:20,4
